{
    "header": {
        "title": "Learn Common English Action Verbs with Pictures – Part 4",
        "image": "./assets/images/thumbnail/verb-part-4.png",
        "createdAt": "1746331547023",
        "subtitle": "Common Action Verbs List :",
        "description": "Read, Sing, Follow, Speak, Carry, Catch, Pull, Teach, Sell, Wish, Discuss, Rest, Throw, Understand, Watch, Open, Close, Push, Break, and more."
    },
    "verbs": [
        {
            "_id": "52",
            "word": "read",
            "image": "./assets/images/verbs/part-4/read.png",
            "sentence": "I like to read books before bed."
        },
        {
            "_id": "53",
            "word": "sing",
            "image": "./assets/images/verbs/part-4/sing.png",
            "sentence": "He loves to sing on stage."
        },
        {
            "_id": "54",
            "word": "follow",
            "image": "./assets/images/verbs/part-4/follow.png",
            "sentence": "Please follow the rules."
        },
        {
            "_id": "55",
            "word": "speak",
            "image": "./assets/images/verbs/part-4/speak.png",
            "sentence": "Can you speak louder?"
        },
        {
            "_id": "56",
            "word": "carry",
            "image": "./assets/images/verbs/part-4/carry.png",
            "sentence": "She carries many shopping bags."
        },
        {
            "_id": "57",
            "word": "catch",
            "image": "./assets/images/verbs/part-4/catch.png",
            "sentence": "He tries to catch the ball."
        },
        {
            "_id": "58",
            "word": "pull",
            "image": "./assets/images/verbs/part-4/pull.png",
            "sentence": "He pulls the box with a rope."
        },
        {
            "_id": "59",
            "word": "teach",
            "image": "./assets/images/verbs/part-4/teach.png",
            "sentence": "She teaches math at the school."
        },
        {
            "_id": "60",
            "word": "sell",
            "image": "./assets/images/verbs/part-4/sell.png",
            "sentence": "She is selling fruit."
        },
        {
            "_id": "61",
            "word": "wish",
            "image": "./assets/images/verbs/part-4/wish.png",
            "sentence": "I wish I could sing like her."
        },
        {
            "_id": "203",
            "word": "Rest",
            "image": "./assets/images/verbs/part-4/rest.png",
            "sentence": "He is resting after work."
        },
        {
            "_id": "204",
            "word": "Discuss",
            "image": "./assets/images/verbs/part-4/discuss.png",
            "sentence": "They discussed the project in detail."
        },
        {
            "_id": "105",
            "word": "flip",
            "image": "./assets/images/verbs/part-4/flip.png",
            "sentence": "He flips the pancake."
        },
        {
            "_id": "62",
            "word": "throw",
            "image": "./assets/images/verbs/part-4/throw.png",
            "sentence": "Can you throw the ball to me?"
        },
        {
            "_id": "63",
            "word": "understand",
            "image": "./assets/images/verbs/part-4/understand.png",
            "sentence": "Do you understand this question?"
        },
        {
            "_id": "64",
            "word": "change",
            "image": "./assets/images/verbs/part-4/change.png",
            "sentence": "You need to change your password regularly."
        },
        {
            "_id": "65",
            "word": "watch",
            "image": "./assets/images/verbs/part-4/watch.png",
            "sentence": "We watch cartoons every evening."
        },
        {
            "_id": "66",
            "word": "stop",
            "image": "./assets/images/verbs/part-4/stop.png",
            "sentence": "Stop talking and listen."
        },
        {
            "_id": "67",
            "word": "buy",
            "image": "./assets/images/verbs/part-4/buy.png",
            "sentence": "She wants to buy some vegetables."
        },
        {
            "_id": "68",
            "word": "drive",
            "image": "./assets/images/verbs/part-4/drive.png",
            "sentence": "He drives to work every day."
        },
        {
            "_id": "69",
            "word": "open",
            "image": "./assets/images/verbs/part-4/open.png",
            "sentence": "He opens the window to see the sky."
        },
        {
            "_id": "70",
            "word": "close",
            "image": "./assets/images/verbs/part-4/close.png",
            "sentence": "Please close the door."
        },
        {
            "_id": "71",
            "word": "build",
            "image": "./assets/images/verbs/part-4/build.png",
            "sentence": "He builds walls for houses."
        },
        {
            "_id": "72",
            "word": "cut",
            "image": "./assets/images/verbs/part-4/cut.png",
            "sentence": "I cut the paper into small pieces."
        },
        {
            "_id": "73",
            "word": "win",
            "image": "./assets/images/verbs/part-4/win.png",
            "sentence": "They win after hard work."
        },
        {
            "_id": "74",
            "word": "reach",
            "image": "./assets/images/verbs/part-4/reach.png",
            "sentence": "He reaches the final step."
        },
        {
            "_id": "75",
            "word": "choose",
            "image": "./assets/images/verbs/part-4/choose.png",
            "sentence": "You can choose any option you like."
        },
        {
            "_id": "76",
            "word": "save",
            "image": "./assets/images/verbs/part-4/save.png",
            "sentence": "I am trying to save money for a vacation."
        },
        {
            "_id": "77",
            "word": "fall",
            "image": "./assets/images/verbs/part-4/fall.png",
            "sentence": "Be careful not to fall."
        },
        {
            "_id": "78",
            "word": "push",
            "image": "./assets/images/verbs/part-4/push.png",
            "sentence": "She pushes the box."
        },
        {
            "_id": "79",
            "word": "fix",
            "image": "./assets/images/verbs/part-4/fix.png",
            "sentence": "He fixes the laptop settings."
        },
        {
            "_id": "80",
            "word": "break",
            "image": "./assets/images/verbs/part-4/break.png",
            "sentence": "Be careful not to break the glass."
        },
        {
            "_id": "81",
            "word": "hit",
            "image": "./assets/images/verbs/part-4/hit.png",
            "sentence": "The car hit the boy."
        },
        {
            "_id": "82",
            "word": "grow",
            "image": "./assets/images/verbs/part-4/grow.png",
            "sentence": "Lettuce grows well in cool weather."
        },
        {
            "_id": "83",
            "word": "raise",
            "image": "./assets/images/verbs/part-4/raise.png",
            "sentence": "They raised their hands in agreement."
        },
        {
            "_id": "84",
            "word": "hold",
            "image": "./assets/images/verbs/part-4/hold.png",
            "sentence": "Can you hold this for a second?"
        },
        {
            "_id": "85",
            "word": "offer",
            "image": "./assets/images/verbs/part-4/offer.png",
            "sentence": "He offered me a job at his company."
        },
        {
            "_id": "86",
            "word": "join",
            "image": "./assets/images/verbs/part-4/join.png",
            "sentence": "Join our team today!"
        },
        {
            "_id": "53",
            "word": "sink",
            "image": "./assets/images/verbs/part-4/sink.png",
            "sentence": "The boat began to sink slowly."
        },
        {
            "_id": "88",
            "word": "agree",
            "image": "./assets/images/verbs/part-4/agree.png",
            "sentence": "They agreed to the terms."
        },
        {
            "_id": "89",
            "word": "accept",
            "image": "./assets/images/verbs/part-4/accept.png",
            "sentence": "She accepted the invitation."
        },
        {
            "_id": "90",
            "word": "refuse",
            "image": "./assets/images/verbs/part-4/refuse.png",
            "sentence": "He refused to answer the question."
        },
        {
            "_id": "91",
            "word": "surprise",
            "image": "./assets/images/verbs/part-4/surprise.png",
            "sentence": "She surprises her friend."
        },
        {
            "_id": "92",
            "word": "plan",
            "image": "./assets/images/verbs/part-4/plan.png",
            "sentence": "We plan to visit the museum tomorrow."
        },
        {
            "_id": "93",
            "word": "hope",
            "image": "./assets/images/verbs/part-4/hope.png",
            "sentence": "We hope for good weather this weekend."
        },
        {
            "_id": "106",
            "word": "wring",
            "image": "./assets/images/verbs/part-4/wring.png",
            "sentence": "You need to wring out the towel before hanging it."
        },
        {
            "_id": "107",
            "word": "spill",
            "image": "./assets/images/verbs/part-4/spill.png",
            "sentence": "The oil spills on the ground."
        },
        {
            "_id": "108",
            "word": "burn",
            "image": "./assets/images/verbs/part-4/burn.png",
            "sentence": "He burns the wood in the fire."
        },
        {
            "_id": "109",
            "word": "mop",
            "image": "./assets/images/verbs/part-4/mop.png",
            "sentence": "I mop the kitchen every day."
        },
        {
            "_id": "110",
            "word": "melt",
            "image": "./assets/images/verbs/part-4/melt.png",
            "sentence": "The ice cube begins to melt."
        },
        {
            "_id": "111",
            "word": "solve",
            "image": "./assets/images/verbs/part-4/solve.png",
            "sentence": "He solves the math problem."
        }
    ],
    "recommends": [
        {
            "image": "./assets/images/thumbnail/verb-part-1.png",
            "title": "Learn Common English Action Verbs with Pictures – Part 1",
            "url": "https://www.englishskillsjourney.com/vocabulary.html?category=fruits"
        },
        {
            "image": "./assets/images/thumbnail/verb-part-2.png",
            "title": "Learn Common English Action Verbs with Pictures – Part 2",
            "url": "https://www.englishskillsjourney.com/vocabulary.html?category=household-items"
        },
        {
            "image": "./assets/images/thumbnail/verb-part-3.png",
            "title": "Learn Common English Action Verbs with Pictures – Part 3",
            "url": "https://www.englishskillsjourney.com/vocabulary.html?category=transport-names"
        },
        {
            "image": "./assets/images/thumbnail/verb-part-4.png",
            "title": "Learn Common English Action Verbs with Pictures – Part 4",
            "url": "https://www.englishskillsjourney.com/vocabulary.html?category=transport-names"
        },
        {
            "image": "./assets/images/thumbnail/verb-part-5.png",
            "title": "Learn Common English Action Verbs with Pictures – Part 5",
            "url": "https://www.englishskillsjourney.com/vocabulary.html?category=transport-names"
        }
    ]
}