{
    "header": {
        "title": "Learn Common English Action Verbs with Pictures – Part 1",
        "image": "./assets/images/thumbnail/verb-part-1.png",
        "createdAt": "1746331547023",
        "subtitle": "Common Action Verbs List :",
        "description": "Draw, Make, Take, Find, Smell, Help, Dance, Fly, Cook, Cry, Drink, Jump, Swim, Eat, Sleep, Paint, Play, Think, Look, Want, Ask, Believe, Run, Learn, Come, and more."
    },
    "verbs": [
        {
            "_id": "7",
            "word": "draw",
            "image": "./assets/images/verbs/part-1/draw.png",
            "sentence": "He draws different shapes."
        },
        {
            "_id": "18",
            "word": "make",
            "image": "./assets/images/verbs/part-1/make.png",
            "sentence": "I will make some coffee."
        },
        {
            "_id": "20",
            "word": "take",
            "image": "./assets/images/verbs/part-1/take.png",
            "sentence": "She takes pictures with her camera."
        },
        {
            "_id": "27",
            "word": "find",
            "image": "./assets/images/verbs/part-1/find.png",
            "sentence": "She finds answers in the book."
        },
        {
            "_id": "12",
            "word": "smell",
            "image": "./assets/images/verbs/part-1/smell.png",
            "sentence": "The flower smells sweet."
        },
        {
            "_id": "34",
            "word": "help",
            "image": "./assets/images/verbs/part-1/help.png",
            "sentence": "The boy helps the old woman."
        },
        {
            "_id": "10",
            "word": "dance",
            "image": "./assets/images/verbs/part-1/dance.png",
            "sentence": "I love to dance at parties."
        },
        {
            "_id": "11",
            "word": "fly",
            "image": "./assets/images/verbs/part-1/fly.png",
            "sentence": "The boy flies a kite."
        },
        {
            "_id": "1",
            "word": "cook",
            "image": "./assets/images/verbs/part-1/cook.png",
            "sentence": "I love to cook pasta."
        },
        {
            "_id": "13",
            "word": "cry",
            "image": "./assets/images/verbs/part-1/cry.png",
            "sentence": "The baby started to cry when it was hungry."
        },
        {
            "_id": "2",
            "word": "drink",
            "image": "./assets/images/verbs/part-1/drink.png",
            "sentence": "He likes to drink coffee in the morning."
        },
        {
            "_id": "3",
            "word": "jump",
            "image": "./assets/images/verbs/part-1/jump.png",
            "sentence": "The kids love to jump on the trampoline."
        },
        {
            "_id": "4",
            "word": "swim",
            "image": "./assets/images/verbs/part-1/swim.png",
            "sentence": "We swim in the lake every summer."
        },
        {
            "_id": "5",
            "word": "eat",
            "image": "./assets/images/verbs/part-1/eat.png",
            "sentence": "She prefers to eat healthy food."
        },
        {
            "_id": "6",
            "word": "sleep",
            "image": "./assets/images/verbs/part-1/sleep.png",
            "sentence": "I always sleep early on weekdays."
        },
        {
            "_id": "8",
            "word": "paint",
            "image": "./assets/images/verbs/part-1/paint.png",
            "sentence": "She paints a bright sun on the canvas."
        },
        {
            "_id": "9",
            "word": "play",
            "image": "./assets/images/verbs/part-1/play.png",
            "sentence": "Let's play a game."
        },
        {
            "_id": "14",
            "word": "have",
            "image": "./assets/images/verbs/part-1/have.png",
            "sentence": "I have two pets."
        },
        {
            "_id": "15",
            "word": "do",
            "image": "./assets/images/verbs/part-1/do.png",
            "sentence": "I always do my homework."
        },
        {
            "_id": "16",
            "word": "say",
            "image": "./assets/images/verbs/part-1/say.png",
            "sentence": "She likes to say funny things."
        },
        {
            "_id": "17",
            "word": "get",
            "image": "./assets/images/verbs/part-1/get.png",
            "sentence": "Can you get the book for me?"
        },
        {
            "_id": "19",
            "word": "go",
            "image": "./assets/images/verbs/part-1/go.png",
            "sentence": "Let's go to the park."
        },
        {
            "_id": "21",
            "word": "see",
            "image": "./assets/images/verbs/part-1/see.png",
            "sentence": "He sees through binoculars."
        },
        {
            "_id": "22",
            "word": "think",
            "image": "./assets/images/verbs/part-1/think.png",
            "sentence": "He thinks about the future."
        },
        {
            "_id": "23",
            "word": "look",
            "image": "./assets/images/verbs/part-1/look.png",
            "sentence": "She looks at the clipboard."
        },
        {
            "_id": "24",
            "word": "want",
            "image": "./assets/images/verbs/part-1/want.png",
            "sentence": "They want to visit new cities."
        },
        {
            "_id": "25",
            "word": "give",
            "image": "./assets/images/verbs/part-1/give.png",
            "sentence": "He gives me a document."
        },
        {
            "_id": "26",
            "word": "use",
            "image": "./assets/images/verbs/part-1/use.png",
            "sentence": "I use my phone for everything."
        },
        {
            "_id": "28",
            "word": "tell",
            "image": "./assets/images/verbs/part-1/tell.png",
            "sentence": "She tells a fun story."
        },
        {
            "_id": "29",
            "word": "ask",
            "image": "./assets/images/verbs/part-1/ask.png",
            "sentence": "She asks the audience something."
        },
        {
            "_id": "30",
            "word": "work",
            "image": "./assets/images/verbs/part-1/work.png",
            "sentence": "They work hard every day."
        },
        {
            "_id": "31",
            "word": "feel",
            "image": "./assets/images/verbs/part-1/feel.png",
            "sentence": "I feel happy today."
        },
        {
            "_id": "32",
            "word": "try",
            "image": "./assets/images/verbs/part-1/try.png",
            "sentence": "She tries on a dress."
        },
        {
            "_id": "33",
            "word": "call",
            "image": "./assets/images/verbs/part-1/call.png",
            "sentence": "I'll call you later."
        },
        {
            "_id": "35",
            "word": "show",
            "image": "./assets/images/verbs/part-1/show.png",
            "sentence": "He shows his painting."
        },
        {
            "_id": "36",
            "word": "hear",
            "image": "./assets/images/verbs/part-1/hear.png",
            "sentence": "She hears carefully."
        },
        {
            "_id": "37",
            "word": "run",
            "image": "./assets/images/verbs/part-1/run.png",
            "sentence": "I run every morning."
        },
        {
            "_id": "38",
            "word": "believe",
            "image": "./assets/images/verbs/part-1/believe.png",
            "sentence": "I believe in you."
        },
        {
            "_id": "39",
            "word": "bring",
            "image": "./assets/images/verbs/part-1/bring.png",
            "sentence": "He brings fish from the market."
        },
        {
            "_id": "40",
            "word": "write",
            "image": "./assets/images/verbs/part-1/write.png",
            "sentence": "She likes to write stories."
        },
        {
            "_id": "41",
            "word": "sit",
            "image": "./assets/images/verbs/part-1/sit.png",
            "sentence": "Please sit here."
        },
        {
            "_id": "42",
            "word": "stand",
            "image": "./assets/images/verbs/part-1/stand.png",
            "sentence": "She stands in front of the chair."
        },
        {
            "_id": "43",
            "word": "lose",
            "image": "./assets/images/verbs/part-1/lose.png",
            "sentence": "I lost my wallet yesterday."
        },
        {
            "_id": "44",
            "word": "pay",
            "image": "./assets/images/verbs/part-1/pay.png",
            "sentence": "I will pay for dinner."
        },
        {
            "_id": "45",
            "word": "meet",
            "image": "./assets/images/verbs/part-1/meet.png",
            "sentence": "They meet for the first time."
        },
        {
            "_id": "46",
            "word": "continue",
            "image": "./assets/images/verbs/part-1/continue.png",
            "sentence": "TThey continue the discussion."
        },
        {
            "_id": "47",
            "word": "set",
            "image": "./assets/images/verbs/part-1/set.png",
            "sentence": "He set the table for dinner."
        },
        {
            "_id": "48",
            "word": "learn",
            "image": "./assets/images/verbs/part-1/learn.png",
            "sentence": "I want to learn a new language."
        },
        {
            "_id": "49",
            "word": "lead",
            "image": "./assets/images/verbs/part-1/lead.png",
            "sentence": "He leads a team of engineers."
        },
        {
            "_id": "50",
            "word": "create",
            "image": "./assets/images/verbs/part-1/create.png",
            "sentence": "He creates a list for shopping."
        },
        {
            "_id": "51",
            "word": "come",
            "image": "./assets/images/verbs/part-1/come.png",
            "sentence": "Come in, it’s cold outside."
        }
    ],
    "recommends": [
        {
            "image": "./assets/images/thumbnail/verb-part-1.png",
            "title": "Learn Common English Action Verbs with Pictures – Part 1",
            "url": "https://www.englishskillsjourney.com/vocabulary.html?category=fruits"
        },
        {
            "image": "./assets/images/thumbnail/verb-part-2.png",
            "title": "Learn Common English Action Verbs with Pictures – Part 2",
            "url": "https://www.englishskillsjourney.com/vocabulary.html?category=household-items"
        },
        {
            "image": "./assets/images/thumbnail/verb-part-3.png",
            "title": "Learn Common English Action Verbs with Pictures – Part 3",
            "url": "https://www.englishskillsjourney.com/vocabulary.html?category=transport-names"
        },
        {
            "image": "./assets/images/thumbnail/verb-part-4.png",
            "title": "Learn Common English Action Verbs with Pictures – Part 4",
            "url": "https://www.englishskillsjourney.com/vocabulary.html?category=transport-names"
        },
        {
            "image": "./assets/images/thumbnail/verb-part-5.png",
            "title": "Learn Common English Action Verbs with Pictures – Part 5",
            "url": "https://www.englishskillsjourney.com/vocabulary.html?category=transport-names"
        }
    ]
}