{
    "header": {
        "title": "Learn Common English Action Verbs with Pictures – Part 3",
        "image": "./assets/images/thumbnail/verb-part-3.png",
        "createdAt": "1746331547023",
        "subtitle": "Common Action Verbs List :",
        "description": "Iron, Water, Massage, Dry, Skip, Pour, Sweep, Sew, Speak, Slip, Type, Pray, Scream, Peel, Hide, Comb, Slice, Study, Shout, Cough, and more."
    },
    "verbs": [
        {
            "_id": "154",
            "word": "Iron",
            "image": "./assets/images/verbs/part-3/iron.png",
            "sentence": "He likes to iron her clothes."
        },
        {
            "_id": "155",
            "word": "Water",
            "image": "./assets/images/verbs/part-3/water.png",
            "sentence": "He waters the plants every morning."
        },
        {
            "_id": "195",
            "word": "Massage",
            "image": "./assets/images/verbs/part-3/massage.png",
            "sentence": "She massages his shoulders."
        },
        {
            "_id": "157",
            "word": "Dry",
            "image": "./assets/images/verbs/part-3/dry.png",
            "sentence": "She dries her hair."
        },
        {
            "_id": "200",
            "word": "Skip",
            "image": "./assets/images/verbs/part-3/skip.png",
            "sentence": "She skips happily in the yard."
        },
        {
            "_id": "159",
            "word": "Pour",
            "image": "./assets/images/verbs/part-3/pour.png",
            "sentence": "He poured milk into the glass."
        },
        {
            "_id": "160",
            "word": "Sweep",
            "image": "./assets/images/verbs/part-3/sweep.png",
            "sentence": "She sweeps the floor every day."
        },
        {
            "_id": "161",
            "word": "Sew",
            "image": "./assets/images/verbs/part-3/sew.png",
            "sentence": "She sews a new dress."
        },
        {
            "_id": "156",
            "word": "Point",
            "image": "./assets/images/verbs/part-3/point.png",
            "sentence": "She pointed at the whiteboard."
        },
        {
            "_id": "162",
            "word": "Shave",
            "image": "./assets/images/verbs/part-3/shave.png",
            "sentence": "The barber shaves him carefully."
        },
        {
            "_id": "163",
            "word": "Announce",
            "image": "./assets/images/verbs/part-3/announce.png",
            "sentence": "He announces the winner"
        },
        {
            "_id": "164",
            "word": "Whistle",
            "image": "./assets/images/verbs/part-3/whistle.png",
            "sentence": "She loves to whistle while walking."
        },
        {
            "_id": "165",
            "word": "Speak",
            "image": "./assets/images/verbs/part-3/speak.png",
            "sentence": "They speak loudly."
        },
        {
            "_id": "166",
            "word": "Slip",
            "image": "./assets/images/verbs/part-3/slip.png",
            "sentence": "He slips on the wet floor."
        },
        {
            "_id": "167",
            "word": "Type",
            "image": "./assets/images/verbs/part-3/type.png",
            "sentence": "He types very fast."
        },
        {
            "_id": "166",
            "word": "Pray",
            "image": "./assets/images/verbs/part-3/pray.png",
            "sentence": "He prays every morning."
        },
        {
            "_id": "167",
            "word": "Ride",
            "image": "./assets/images/verbs/part-3/ride.png",
            "sentence": "She rides a white horse."
        },
        {
            "_id": "168",
            "word": "Roar",
            "image": "./assets/images/verbs/part-3/roar.png",
            "sentence": "The tiger roars loudly."
        },
        {
            "_id": "169",
            "word": "Scream",
            "image": "./assets/images/verbs/part-3/scream.png",
            "sentence": "They scream in fear."
        },
        {
            "_id": "170",
            "word": "Serve",
            "image": "./assets/images/verbs/part-3/serve.png",
            "sentence": "The waiter serves food at the restaurant."
        },
        {
            "_id": "171",
            "word": "Peel",
            "image": "./assets/images/verbs/part-3/peel.png",
            "sentence": "She peels the potato."
        },
        {
            "_id": "172",
            "word": "Plant",
            "image": "./assets/images/verbs/part-3/plant.png",
            "sentence": "They plant trees every weekend."
        },
        {
            "_id": "158",
            "word": "Whisper",
            "image": "./assets/images/verbs/part-3/whisper.png",
            "sentence": "She whispered a secret to her friend."
        },
        {
            "_id": "173",
            "word": "Guide",
            "image": "./assets/images/verbs/part-3/guide.png",
            "sentence": "She guides the children through the path."
        },
        {
            "_id": "174",
            "word": "Hide",
            "image": "./assets/images/verbs/part-3/hide.png",
            "sentence": "She hides behind the tree."
        },
        {
            "_id": "175",
            "word": "Introduce",
            "image": "./assets/images/verbs/part-3/introduce.png",
            "sentence": "She introduces the team members."
        },
        {
            "_id": "176",
            "word": "Comb",
            "image": "./assets/images/verbs/part-3/comb.png",
            "sentence": "He combs his hair every morning."
        },
        {
            "_id": "177",
            "word": "Crawl",
            "image": "./assets/images/verbs/part-3/crawl.png",
            "sentence": "The boy crawls on the floor."
        },
        {
            "_id": "178",
            "word": "Deliver",
            "image": "./assets/images/verbs/part-3/deliver.png",
            "sentence": "He delivers on time."
        },
        {
            "_id": "179",
            "word": "Dig",
            "image": "./assets/images/verbs/part-3/dig.png",
            "sentence": "He dug a hole in the sand."
        },
        {
            "_id": "180",
            "word": "Dream",
            "image": "./assets/images/verbs/part-3/dream.png",
            "sentence": "She dreams of traveling the world."
        },
        {
            "_id": "181",
            "word": "Blow",
            "image": "./assets/images/verbs/part-3/blow.png",
            "sentence": "She blows bubbles happily."
        },
        {
            "_id": "182",
            "word": "Fry",
            "image": "./assets/images/verbs/part-3/fry.png",
            "sentence": "He fries some eggs for breakfast."
        },
        {
            "_id": "183",
            "word": "Taste",
            "image": "./assets/images/verbs/part-3/taste.png",
            "sentence": "He tastes the soup with a spoon."
        },
        {
            "_id": "184",
            "word": "Slice",
            "image": "./assets/images/verbs/part-3/slice.png",
            "sentence": "He sliced the bread with a knife."
        },
        {
            "_id": "185",
            "word": "Mix",
            "image": "./assets/images/verbs/part-3/mix.png",
            "sentence": "She mixed the ingredients together."
        },
        {
            "_id": "186",
            "word": "Fail",
            "image": "./assets/images/verbs/part-3/fail.png",
            "sentence": "He fails to get the right result."
        },
        {
            "_id": "187",
            "word": "Study",
            "image": "./assets/images/verbs/part-3/study.png",
            "sentence": "She studies for her exams."
        },
        {
            "_id": "188",
            "word": "Touch",
            "image": "./assets/images/verbs/part-3/touch.png",
            "sentence": "She touches the cactus carefully."
        },
        {
            "_id": "189",
            "word": "Spin",
            "image": "./assets/images/verbs/part-3/spin.png",
            "sentence": "He loves to spin the top."
        },
        {
            "_id": "190",
            "word": "Roll",
            "image": "./assets/images/verbs/part-3/roll.png",
            "sentence": "She rolled until it was thin."
        },
        {
            "_id": "191",
            "word": "Cough",
            "image": "./assets/images/verbs/part-3/cough.png",
            "sentence": "He coughed because of the cold."
        },
        {
            "_id": "192",
            "word": "Sneeze",
            "image": "./assets/images/verbs/part-3/sneeze.png",
            "sentence": "She sneezed due to allergies."
        },
        {
            "_id": "193",
            "word": "Yawn",
            "image": "./assets/images/verbs/part-3/yawn.png",
            "sentence": "He yawned because he was sleepy."
        },
        {
            "_id": "194",
            "word": "Shout",
            "image": "./assets/images/verbs/part-3/shout.png",
            "sentence": "She shouted for help."
        },
        {
            "_id": "196",
            "word": "Tickle",
            "image": "./assets/images/verbs/part-3/tickle.png",
            "sentence": "The baby laughed when tickled."
        },
        {
            "_id": "197",
            "word": "Squeeze",
            "image": "./assets/images/verbs/part-3/squeeze.png",
            "sentence": "She squeezed the lemon into her tea."
        },
        {
            "_id": "198",
            "word": "Vomit",
            "image": "./assets/images/verbs/part-3/vomit.png",
            "sentence": "He felt sick and vomited."
        },
        {
            "_id": "199",
            "word": "Knock",
            "image": "./assets/images/verbs/part-3/knock.png",
            "sentence": "He knocked on the door before entering."
        },
        {
            "_id": "201",
            "word": "Hug",
            "image": "./assets/images/verbs/part-3/hug.png",
            "sentence": "They hugged each other warmly."
        },
        {
            "_id": "202",
            "word": "Brush",
            "image": "./assets/images/verbs/part-3/brush.png",
            "sentence": "He brushes his teeth every morning."
        }
    ],
    "recommends": [
        {
            "image": "./assets/images/thumbnail/verb-part-1.png",
            "title": "Learn Common English Action Verbs with Pictures – Part 1",
            "url": "https://www.englishskillsjourney.com/vocabulary.html?category=fruits"
        },
        {
            "image": "./assets/images/thumbnail/verb-part-2.png",
            "title": "Learn Common English Action Verbs with Pictures – Part 2",
            "url": "https://www.englishskillsjourney.com/vocabulary.html?category=household-items"
        },
        {
            "image": "./assets/images/thumbnail/verb-part-3.png",
            "title": "Learn Common English Action Verbs with Pictures – Part 3",
            "url": "https://www.englishskillsjourney.com/vocabulary.html?category=transport-names"
        },
        {
            "image": "./assets/images/thumbnail/verb-part-4.png",
            "title": "Learn Common English Action Verbs with Pictures – Part 4",
            "url": "https://www.englishskillsjourney.com/vocabulary.html?category=transport-names"
        },
        {
            "image": "./assets/images/thumbnail/verb-part-5.png",
            "title": "Learn Common English Action Verbs with Pictures – Part 5",
            "url": "https://www.englishskillsjourney.com/vocabulary.html?category=transport-names"
        }
    ]
}